id,prodid,imageurl
1,1,//img.tatacliq.com/images/i9/437Wx649H/MP000000016026284_437Wx649H_202301111806081.jpeg
2,2,//img.tatacliq.com/images/i7/437Wx649H/MP000000011358188_437Wx649H_202112050212521.jpeg
3,3,//img.tatacliq.com/images/i2/437Wx649H/MP000000002003889_437Wx649H_20171109132953.jpeg
4,4,//img.tatacliq.com/images/i8/437Wx649H/MP000000013509044_437Wx649H_202207021915441.jpeg
5,5,//img.tatacliq.com/images/i9/437Wx649H/MP000000015755874_437Wx649H_202212190101141.jpeg
6,6,//img.tatacliq.com/images/i9/437Wx649H/MP000000016179203_437Wx649H_202301221923551.jpeg
7,7,//img.tatacliq.com/images/i8/437Wx649H/MP000000013059184_437Wx649H_202205071820211.jpeg
8,8,//img.tatacliq.com/images/i8/437Wx649H/MP000000015142742_437Wx649H_202211040722351.jpeg
9,9,//img.tatacliq.com/images/i8/437Wx649H/MP000000014522747_437Wx649H_202209180850031.jpeg
10,10,//img.tatacliq.com/images/i8/437Wx649H/MP000000012309533_437Wx649H_202203271633021.jpeg
11,11,//img.tatacliq.com/images/i8/437Wx649H/MP000000012309449_437Wx649H_202203241441091.jpeg
12,12,//img.tatacliq.com/images/i2/437Wx649H/MP000000002003965_437Wx649H_20171109133812.jpeg
13,13,//img.tatacliq.com/images/i8/437Wx649H/MP000000012309531_437Wx649H_202203271710371.jpeg
14,14,//img.tatacliq.com/images/i8/437Wx649H/MP000000012309473_437Wx649H_202203241441211.jpeg
15,15,//img.tatacliq.com/images/i8/437Wx649H/MP000000015142699_437Wx649H_202211040720321.jpeg
16,16,//img.tatacliq.com/images/i8/437Wx649H/MP000000015142736_437Wx649H_202211040722311.jpeg
17,17,//img.tatacliq.com/images/i2/437Wx649H/MP000000002003841_437Wx649H_20171109133134.jpeg
18,18,//img.tatacliq.com/images/i8/437Wx649H/MP000000013059144_437Wx649H_202205071816281.jpeg
19,19,//img.tatacliq.com/images/i8/437Wx649H/MP000000012309471_437Wx649H_202203241441121.jpeg
20,20,//img.tatacliq.com/images/i8/437Wx649H/MP000000012309435_437Wx649H_202203241440261.jpeg
21,21,//img.tatacliq.com/images/i8/437Wx649H/MP000000012309509_437Wx649H_202203241444021.jpeg
22,22,//img.tatacliq.com/images/i8/437Wx649H/MP000000015142877_437Wx649H_202211040729301.jpeg
23,23,//img.tatacliq.com/images/i7/437Wx649H/MP000000011194942_437Wx649H_202111180223271.jpeg
24,24,//img.tatacliq.com/images/i7/437Wx649H/MP000000011194977_437Wx649H_202111180224371.jpeg
25,25,//img.tatacliq.com/images/i8/437Wx649H/MP000000013744044_437Wx649H_202207092129051.jpeg
26,26,//img.tatacliq.com/images/i9/437Wx649H/MP000000016525431_437Wx649H_202302142208071.jpeg
27,27,//img.tatacliq.com/images/i7/437Wx649H/MP000000010747255_437Wx649H_202109282038481.jpeg
28,28,//img.tatacliq.com/images/i7/437Wx649H/MP000000011358143_437Wx649H_202112050210471.jpeg
29,29,//img.tatacliq.com/images/i8/437Wx649H/MP000000012309550_437Wx649H_202203241454321.jpeg
30,30,//img.tatacliq.com/images/i8/437Wx649H/MP000000013059182_437Wx649H_202205071819301.jpeg
31,31,//img.tatacliq.com/images/i2/437Wx649H/MP000000002003901_437Wx649H_20171109133122.jpeg
32,32,//img.tatacliq.com/images/i8/437Wx649H/MP000000015142490_437Wx649H_202211040710381.jpeg
33,33,//img.tatacliq.com/images/i8/437Wx649H/MP000000015142372_437Wx649H_202211040705281.jpeg
34,34,//img.tatacliq.com/images/i9/437Wx649H/MP000000016179328_437Wx649H_202301221930391.jpeg
35,35,//img.tatacliq.com/images/i7/437Wx649H/MP000000010823633_437Wx649H_202110061103531.jpeg
36,36,//img.tatacliq.com/images/i7/437Wx649H/MP000000010823683_437Wx649H_202110061106481.jpeg
37,37,//img.tatacliq.com/images/i8/437Wx649H/MP000000013744029_437Wx649H_202207092128061.jpeg
38,38,//img.tatacliq.com/images/i8/437Wx649H/MP000000015142268_437Wx649H_202211040700371.jpeg
39,39,//img.tatacliq.com/images/i8/437Wx649H/MP000000015142441_437Wx649H_202211040708321.jpeg
40,40,//img.tatacliq.com/images/i8/437Wx649H/MP000000014522784_437Wx649H_202209180851581.jpeg
41,41,//img.tatacliq.com/images/i8/437Wx649H/MP000000014522836_437Wx649H_202209180854541.jpeg
42,42,//img.tatacliq.com/images/i7/437Wx649H/MP000000010793706_437Wx649H_202110020618071.jpeg
43,43,//img.tatacliq.com/images/i2/437Wx649H/MP000000002003905_437Wx649H_20171109133048.jpeg
44,44,//img.tatacliq.com/images/i2/437Wx649H/MP000000002003819_437Wx649H_20171109132457.jpeg
45,45,//img.tatacliq.com/images/i8/437Wx649H/MP000000015142313_437Wx649H_202211040702351.jpeg
46,46,//img.tatacliq.com/images/i9/437Wx649H/MP000000015755658_437Wx649H_202212190050221.jpeg
47,47,//img.tatacliq.com/images/i8/437Wx649H/MP000000014022835_437Wx649H_202208031200571.jpeg
48,48,//img.tatacliq.com/images/i8/437Wx649H/MP000000014522812_437Wx649H_202209180853101.jpeg
49,49,//img.tatacliq.com/images/i8/437Wx649H/MP000000015142259_437Wx649H_202211040700251.jpeg
50,50,//img.tatacliq.com/images/i8/437Wx649H/MP000000015142352_437Wx649H_202211040704351.jpeg
51,51,//img.tatacliq.com/images/i9/437Wx649H/MP000000016179316_437Wx649H_202301221929441.jpeg
52,52,//img.tatacliq.com/images/i2/437Wx649H/MP000000002004009_437Wx649H_20171109133747.jpeg
53,53,//img.tatacliq.com/images/i9/437Wx649H/MP000000016266746_437Wx649H_202301291618401.jpeg
54,54,//img.tatacliq.com/images/i2/437Wx649H/MP000000002003847_437Wx649H_20171109132735.jpeg
55,55,//img.tatacliq.com/images/i8/437Wx649H/MP000000011952571_437Wx649H_202202020216551.jpeg
56,56,//img.tatacliq.com/images/i9/437Wx649H/MP000000015755857_437Wx649H_202212190059261.jpeg
57,57,//img.tatacliq.com/images/i9/437Wx649H/MP000000015755829_437Wx649H_202212190058231.jpeg
58,58,//img.tatacliq.com/images/i8/437Wx649H/MP000000015142657_437Wx649H_202211040718341.jpeg
59,59,//img.tatacliq.com/images/i8/437Wx649H/MP000000015142540_437Wx649H_202211040713241.jpeg
60,60,//img.tatacliq.com/images/i2/437Wx649H/MP000000002003921_437Wx649H_20171109133211.jpeg
61,61,//img.tatacliq.com/images/i9/437Wx649H/MP000000015755843_437Wx649H_202212190059221.jpeg
62,62,//img.tatacliq.com/images/i2/437Wx649H/MP000000002003949_437Wx649H_20171109134142.jpeg
63,63,//img.tatacliq.com/images/i8/437Wx649H/MP000000015142151_437Wx649H_202211040655311.jpeg
64,64,//img.tatacliq.com/images/i2/437Wx649H/MP000000002003917_437Wx649H_20171109133417.jpeg
65,65,//img.tatacliq.com/images/i2/437Wx649H/MP000000002003845_437Wx649H_20171109132750.jpeg
66,66,//img.tatacliq.com/images/i9/437Wx649H/MP000000015755621_437Wx649H_202212190048331.jpeg
67,67,//img.tatacliq.com/images/i8/437Wx649H/MP000000014522801_437Wx649H_202209180852551.jpeg
68,68,//img.tatacliq.com/images/i9/437Wx649H/MP000000015755827_437Wx649H_202212190058211.jpeg
69,69,//img.tatacliq.com/images/i9/437Wx649H/MP000000015755752_437Wx649H_202212190054351.jpeg
70,70,//img.tatacliq.com/images/i8/437Wx649H/MP000000011745743_437Wx649H_202201121418131.jpeg
71,71,//img.tatacliq.com/images/i8/437Wx649H/MP000000015142675_437Wx649H_202211040719281.jpeg
72,72,//img.tatacliq.com/images/i8/437Wx649H/MP000000015142839_437Wx649H_202211040727301.jpeg
73,73,//img.tatacliq.com/images/i8/437Wx649H/MP000000015142835_437Wx649H_202211040727261.jpeg
74,74,//img.tatacliq.com/images/i5/437Wx649H/MP000000005908905_437Wx649H_20191113205231.jpeg
75,75,//img.tatacliq.com/images/i9/437Wx649H/MP000000016501066_437Wx649H_202302120826281.jpeg
76,76,//img.tatacliq.com/images/i7/437Wx649H/MP000000011360163_437Wx649H_202112051922161.jpeg
77,77,//img.tatacliq.com/images/i8/437Wx649H/MP000000014219440_437Wx649H_202208250548311.jpeg
78,78,//img.tatacliq.com/images/i8/437Wx649H/MP000000014219092_437Wx649H_202208250528341.jpeg
79,79,//img.tatacliq.com/images/i7/437Wx649H/MP000000011504529_437Wx649H_202112181423561.jpeg
80,80,//img.tatacliq.com/images/i7/437Wx649H/MP000000010227961_437Wx649H_202108082000591.jpeg
81,81,//img.tatacliq.com/images/i9/437Wx649H/MP000000015755751_437Wx649H_202212190054381.jpeg
82,82,//img.tatacliq.com/images/i8/437Wx649H/MP000000014522748_437Wx649H_202209180849581.jpeg
83,83,//img.tatacliq.com/images/i9/437Wx649H/MP000000016266767_437Wx649H_202301291619471.jpeg
84,84,//img.tatacliq.com/images/i9/437Wx649H/MP000000015755741_437Wx649H_202212190054361.jpeg
85,85,//img.tatacliq.com/images/i8/437Wx649H/MP000000015142658_437Wx649H_202211040718361.jpeg
86,86,//img.tatacliq.com/images/i7/437Wx649H/MP000000011504575_437Wx649H_202112181426221.jpeg
87,87,//img.tatacliq.com/images/i8/437Wx649H/MP000000011745718_437Wx649H_202201121416081.jpeg
88,88,//img.tatacliq.com/images/i9/437Wx649H/MP000000015755728_437Wx649H_202212190053231.jpeg
89,89,//img.tatacliq.com/images/i9/437Wx649H/MP000000015755620_437Wx649H_202212190048321.jpeg
90,90,//img.tatacliq.com/images/i8/437Wx649H/MP000000015142054_437Wx649H_202211040650351.jpeg
91,91,//img.tatacliq.com/images/i2/437Wx649H/MP000000002003907_437Wx649H_20171109133103.jpeg
92,92,//img.tatacliq.com/images/i10/437Wx649H/MP000000016596729_437Wx649H_202302190351091.jpeg
93,93,//img.tatacliq.com/images/i8/437Wx649H/MP000000015142738_437Wx649H_202211040722361.jpeg
94,94,//img.tatacliq.com/images/i8/437Wx649H/MP000000015142635_437Wx649H_202211040717351.jpeg
95,95,//img.tatacliq.com/images/i8/437Wx649H/MP000000015142629_437Wx649H_202211040717311.jpeg
96,96,//img.tatacliq.com/images/i7/437Wx649H/MP000000010308804_437Wx649H_202108162107251.jpeg
97,97,//img.tatacliq.com/images/i7/437Wx649H/MP000000010309136_437Wx649H_202108162125491.jpeg
98,98,//img.tatacliq.com/images/i8/437Wx649H/MP000000014780964_437Wx649H_202212021353441.jpeg
99,99,//img.tatacliq.com/images/i8/437Wx649H/MP000000014781007_437Wx649H_202212021353461.jpeg
100,100,//img.tatacliq.com/images/i8/437Wx649H/MP000000014780985_437Wx649H_202212021351441.jpeg
101,101,//img.tatacliq.com/images/i8/437Wx649H/MP000000014781022_437Wx649H_202212021356581.jpeg
102,102,//img.tatacliq.com/images/i8/437Wx649H/MP000000014982815_437Wx649H_202210230146181.jpeg
103,103,//img.tatacliq.com/images/i8/437Wx649H/MP000000011953134_437Wx649H_202202020327041.jpeg
104,104,//img.tatacliq.com/images/i8/437Wx649H/MP000000013559541_437Wx649H_202206240913381.jpeg
105,105,//img.tatacliq.com/images/i8/437Wx649H/MP000000013423904_437Wx649H_202206130604461.jpeg
106,106,//img.tatacliq.com/images/i8/437Wx649H/MP000000013559625_437Wx649H_202206240918051.jpeg
107,107,//img.tatacliq.com/images/i8/437Wx649H/MP000000011792057_437Wx649H_202201161555071.jpeg
108,108,//img.tatacliq.com/images/i8/437Wx649H/MP000000013559641_437Wx649H_202206240918431.jpeg
109,109,//img.tatacliq.com/images/i4/437Wx649H/MP000000007217193_437Wx649H_20200628170553.jpeg
110,110,//img.tatacliq.com/images/i8/437Wx649H/MP000000014982833_437Wx649H_202210230146431.jpeg
111,111,//img.tatacliq.com/images/i8/437Wx649H/MP000000014598490_437Wx649H_202209230228591.jpeg
112,112,//img.tatacliq.com/images/i9/437Wx649H/MP000000016207047_437Wx649H_202301251127461.jpeg
113,113,//img.tatacliq.com/images/i8/437Wx649H/MP000000013145632_437Wx649H_202205151848001.jpeg
114,114,//img.tatacliq.com/images/i8/437Wx649H/MP000000013559624_437Wx649H_202206240918051.jpeg
115,115,//img.tatacliq.com/images/i8/437Wx649H/MP000000012261273_437Wx649H_202202242026071.jpeg
116,116,//img.tatacliq.com/images/i8/437Wx649H/MP000000013559581_437Wx649H_202206240915501.jpeg
117,117,//img.tatacliq.com/images/i8/437Wx649H/MP000000014365301_437Wx649H_202209081451431.jpeg
118,118,//img.tatacliq.com/images/i8/437Wx649H/MP000000013254946_437Wx649H_202205261636101.jpeg
119,119,//img.tatacliq.com/images/i8/437Wx649H/MP000000014780988_437Wx649H_202212021351461.jpeg
120,120,//img.tatacliq.com/images/i8/437Wx649H/MP000000014993713_437Wx649H_202210231116541.jpeg
121,121,//img.tatacliq.com/images/i8/437Wx649H/MP000000014995899_437Wx649H_202210231322051.jpeg
122,122,//img.tatacliq.com/images/i8/437Wx649H/MP000000013559584_437Wx649H_202206240916091.jpeg
123,123,//img.tatacliq.com/images/i8/437Wx649H/MP000000012261274_437Wx649H_202202242026101.jpeg
124,124,//img.tatacliq.com/images/i8/437Wx649H/MP000000013559519_437Wx649H_202206240912571.jpeg
125,125,//img.tatacliq.com/images/i8/437Wx649H/MP000000014995270_437Wx649H_202210231251081.jpeg
126,126,//img.tatacliq.com/images/i8/437Wx649H/MP000000013559515_437Wx649H_202206240912411.jpeg
127,127,//img.tatacliq.com/images/i8/437Wx649H/MP000000014995691_437Wx649H_202210231311521.jpeg
128,128,//img.tatacliq.com/images/i8/437Wx649H/MP000000013559742_437Wx649H_202206240923391.jpeg
129,129,//img.tatacliq.com/images/i8/437Wx649H/MP000000013582506_437Wx649H_202206260106411.jpeg
130,130,//img.tatacliq.com/images/i8/437Wx649H/MP000000013145595_437Wx649H_202205151846001.jpeg
131,131,//img.tatacliq.com/images/i8/437Wx649H/MP000000013145534_437Wx649H_202205151843041.jpeg
132,132,//img.tatacliq.com/images/i9/437Wx649H/MP000000016207029_437Wx649H_202301251127001.jpeg
133,133,//img.tatacliq.com/images/i8/437Wx649H/MP000000013145648_437Wx649H_202205151848591.jpeg
134,134,//img.tatacliq.com/images/i8/437Wx649H/MP000000013145613_437Wx649H_202205151847011.jpeg
135,135,//img.tatacliq.com/images/i8/437Wx649H/MP000000013145454_437Wx649H_202205151838581.jpeg
136,136,//img.tatacliq.com/images/i8/437Wx649H/MP000000011791838_437Wx649H_202201161544091.jpeg
137,137,//img.tatacliq.com/images/i8/437Wx649H/MP000000012064802_437Wx649H_202202091519011.jpeg
138,138,//img.tatacliq.com/images/i8/437Wx649H/MP000000014995585_437Wx649H_202210231306161.jpeg
139,139,//img.tatacliq.com/images/i8/437Wx649H/MP000000014995228_437Wx649H_202210231248541.jpeg
140,140,//img.tatacliq.com/images/i8/437Wx649H/MP000000014994934_437Wx649H_202210231229541.jpeg
141,141,//img.tatacliq.com/images/i8/437Wx649H/MP000000014995557_437Wx649H_202210231305111.jpeg
142,142,//img.tatacliq.com/images/i8/437Wx649H/MP000000014538428_437Wx649H_202212021400571.jpeg
143,143,//img.tatacliq.com/images/i8/437Wx649H/MP000000014538427_437Wx649H_202212021359401.jpeg
144,144,//img.tatacliq.com/images/i8/437Wx649H/MP000000014995394_437Wx649H_202210231257081.jpeg
145,145,//img.tatacliq.com/images/i8/437Wx649H/MP000000014995405_437Wx649H_202210231257561.jpeg
146,146,//img.tatacliq.com/images/i8/437Wx649H/MP000000014995375_437Wx649H_202210231256161.jpeg
147,147,//img.tatacliq.com/images/i8/437Wx649H/MP000000013145261_437Wx649H_202205151829021.jpeg
148,148,//img.tatacliq.com/images/i8/437Wx649H/MP000000013144681_437Wx649H_202205151759011.jpeg
149,149,//img.tatacliq.com/images/i4/437Wx649H/MP000000006201112_437Wx649H_20191224213908.jpeg
150,150,//img.tatacliq.com/images/i8/437Wx649H/MP000000014995449_437Wx649H_202210231300121.jpeg
151,151,//img.tatacliq.com/images/i8/437Wx649H/MP000000013423816_437Wx649H_202206130600361.jpeg
152,152,//img.tatacliq.com/images/i8/437Wx649H/MP000000013423783_437Wx649H_202206130558461.jpeg
153,153,//img.tatacliq.com/images/i8/437Wx649H/MP000000014995287_437Wx649H_202210231251551.jpeg
154,154,//img.tatacliq.com/images/i8/437Wx649H/MP000000013423777_437Wx649H_202206130558401.jpeg
155,155,//img.tatacliq.com/images/i8/437Wx649H/MP000000014995464_437Wx649H_202210231300521.jpeg
156,156,//img.tatacliq.com/images/i8/437Wx649H/MP000000013144383_437Wx649H_202205151743571.jpeg
157,157,//img.tatacliq.com/images/i4/437Wx649H/MP000000007217234_437Wx649H_20200628170754.jpeg
158,158,//img.tatacliq.com/images/i8/437Wx649H/MP000000012806734_437Wx649H_202204131852571.jpeg
159,159,//img.tatacliq.com/images/i8/437Wx649H/MP000000012806735_437Wx649H_202204131852571.jpeg
160,160,//img.tatacliq.com/images/i7/437Wx649H/MP000000011592880_437Wx649H_202112282304391.jpeg
161,161,//img.tatacliq.com/images/i7/437Wx649H/MP000000011592902_437Wx649H_202112282305451.jpeg
162,162,//img.tatacliq.com/images/i8/437Wx649H/MP000000012806910_437Wx649H_202204131902321.jpeg
163,163,//img.tatacliq.com/images/i7/437Wx649H/MP000000011151260_437Wx649H_202111131649171.jpeg
164,164,//img.tatacliq.com/images/i8/437Wx649H/MP000000011151251_437Wx649H_202206270425121.jpeg
165,165,//img.tatacliq.com/images/i8/437Wx649H/MP000000014993899_437Wx649H_202210231127551.jpeg
166,166,//img.tatacliq.com/images/i8/437Wx649H/MP000000014993602_437Wx649H_202210231110191.jpeg
167,167,//img.tatacliq.com/images/i8/437Wx649H/MP000000014183100_437Wx649H_202208201728301.jpeg
168,168,//img.tatacliq.com/images/i7/437Wx649H/MP000000011151312_437Wx649H_202111131652061.jpeg
169,169,//img.tatacliq.com/images/i8/437Wx649H/MP000000014982916_437Wx649H_202210230150491.jpeg
170,170,//img.tatacliq.com/images/i8/437Wx649H/MP000000014982743_437Wx649H_202210230142001.jpeg
171,171,//img.tatacliq.com/images/i8/437Wx649H/MP000000014995826_437Wx649H_202210231318171.jpeg
172,172,//img.tatacliq.com/images/i7/437Wx649H/MP000000008601788_437Wx649H_202101200056511.jpeg
173,173,//img.tatacliq.com/images/i7/437Wx649H/MP000000008601718_437Wx649H_202101200052511.jpeg
174,174,//img.tatacliq.com/images/i8/437Wx649H/MP000000013559569_437Wx649H_202206240915381.jpeg
175,175,//img.tatacliq.com/images/i8/437Wx649H/MP000000014532890_437Wx649H_202209181953191.jpeg
176,176,//img.tatacliq.com/images/i8/437Wx649H/MP000000014995231_437Wx649H_202210231249071.jpeg
177,177,//img.tatacliq.com/images/i7/437Wx649H/MP000000010527736_437Wx649H_202109081116321.jpeg
178,178,//img.tatacliq.com/images/i8/437Wx649H/MP000000013145393_437Wx649H_202205151835551.jpeg
179,179,//img.tatacliq.com/images/i8/437Wx649H/MP000000014995274_437Wx649H_202210231251161.jpeg
180,180,//img.tatacliq.com/images/i8/437Wx649H/MP000000014995268_437Wx649H_202210231251101.jpeg
181,1,//img.tatacliq.com/images/i9/437Wx649H/MP000000016026284_437Wx649H_202301111806142.jpeg
182,2,//img.tatacliq.com/images/i7/437Wx649H/MP000000011358188_437Wx649H_202112050212532.jpeg
183,3,//img.tatacliq.com/images/i2/437Wx649H/MP000000002003889_437Wx649H_20171109132956.jpeg
184,4,//img.tatacliq.com/images/i8/437Wx649H/MP000000013509044_437Wx649H_202207021915462.jpeg
185,5,//img.tatacliq.com/images/i9/437Wx649H/MP000000015755874_437Wx649H_202212190102092.jpeg
186,6,//img.tatacliq.com/images/i9/437Wx649H/MP000000016179203_437Wx649H_202301221923522.jpeg
187,7,//img.tatacliq.com/images/i8/437Wx649H/MP000000013059184_437Wx649H_202205071820222.jpeg
188,8,//img.tatacliq.com/images/i8/437Wx649H/MP000000015142742_437Wx649H_202211040722362.jpeg
189,9,//img.tatacliq.com/images/i8/437Wx649H/MP000000014522747_437Wx649H_202209180849592.jpeg
190,10,//img.tatacliq.com/images/i8/437Wx649H/MP000000012309533_437Wx649H_202203271633032.jpeg
191,11,//img.tatacliq.com/images/i8/437Wx649H/MP000000012309449_437Wx649H_202203241441112.jpeg
192,12,//img.tatacliq.com/images/i2/437Wx649H/MP000000002003965_437Wx649H_20171109133809.jpeg
193,13,//img.tatacliq.com/images/i8/437Wx649H/MP000000012309531_437Wx649H_202203271710382.jpeg
194,14,//img.tatacliq.com/images/i8/437Wx649H/MP000000012309473_437Wx649H_202203241441222.jpeg
195,15,//img.tatacliq.com/images/i8/437Wx649H/MP000000015142699_437Wx649H_202211040720312.jpeg
196,16,//img.tatacliq.com/images/i8/437Wx649H/MP000000015142736_437Wx649H_202211040722342.jpeg
197,17,//img.tatacliq.com/images/i2/437Wx649H/MP000000002003841_437Wx649H_20171109133149.jpeg
198,18,//img.tatacliq.com/images/i8/437Wx649H/MP000000013059144_437Wx649H_202205071816302.jpeg
199,19,//img.tatacliq.com/images/i8/437Wx649H/MP000000012309471_437Wx649H_202203241441142.jpeg
200,20,//img.tatacliq.com/images/i8/437Wx649H/MP000000012309435_437Wx649H_202203241440282.jpeg
201,21,//img.tatacliq.com/images/i8/437Wx649H/MP000000012309509_437Wx649H_202203241444042.jpeg
202,22,//img.tatacliq.com/images/i8/437Wx649H/MP000000015142877_437Wx649H_202211040729292.jpeg
203,23,//img.tatacliq.com/images/i7/437Wx649H/MP000000011194942_437Wx649H_202111180223282.jpeg
204,24,//img.tatacliq.com/images/i7/437Wx649H/MP000000011194977_437Wx649H_202111180224382.jpeg
205,25,//img.tatacliq.com/images/i8/437Wx649H/MP000000013744044_437Wx649H_202207092129062.jpeg
206,26,//img.tatacliq.com/images/i9/437Wx649H/MP000000016525431_437Wx649H_202302142208052.jpeg
207,27,//img.tatacliq.com/images/i7/437Wx649H/MP000000010747255_437Wx649H_202109282038502.jpeg
208,28,//img.tatacliq.com/images/i7/437Wx649H/MP000000011358143_437Wx649H_202112050211042.jpeg
209,29,//img.tatacliq.com/images/i8/437Wx649H/MP000000012309550_437Wx649H_202203241454332.jpeg
210,30,//img.tatacliq.com/images/i8/437Wx649H/MP000000013059182_437Wx649H_202205071819312.jpeg
211,31,//img.tatacliq.com/images/i2/437Wx649H/MP000000002003901_437Wx649H_20171109133127.jpeg
212,32,//img.tatacliq.com/images/i8/437Wx649H/MP000000015142490_437Wx649H_202211040710392.jpeg
213,33,//img.tatacliq.com/images/i8/437Wx649H/MP000000015142372_437Wx649H_202211040705352.jpeg
214,34,//img.tatacliq.com/images/i9/437Wx649H/MP000000016179328_437Wx649H_202301221930422.jpeg
215,35,//img.tatacliq.com/images/i7/437Wx649H/MP000000010823633_437Wx649H_202110061103552.jpeg
216,36,//img.tatacliq.com/images/i7/437Wx649H/MP000000010823683_437Wx649H_202110061107052.jpeg
217,37,//img.tatacliq.com/images/i8/437Wx649H/MP000000013744029_437Wx649H_202207092128082.jpeg
218,38,//img.tatacliq.com/images/i8/437Wx649H/MP000000015142268_437Wx649H_202211040700342.jpeg
219,39,//img.tatacliq.com/images/i8/437Wx649H/MP000000015142441_437Wx649H_202211040708292.jpeg
220,40,//img.tatacliq.com/images/i8/437Wx649H/MP000000014522784_437Wx649H_202209180852022.jpeg
221,41,//img.tatacliq.com/images/i8/437Wx649H/MP000000014522836_437Wx649H_202209180854582.jpeg
222,42,//img.tatacliq.com/images/i7/437Wx649H/MP000000010793706_437Wx649H_202110020618092.jpeg
223,43,//img.tatacliq.com/images/i2/437Wx649H/MP000000002003905_437Wx649H_20171109133045.jpeg
224,44,//img.tatacliq.com/images/i2/437Wx649H/MP000000002003819_437Wx649H_20171109132444.jpeg
225,45,//img.tatacliq.com/images/i8/437Wx649H/MP000000015142313_437Wx649H_202211040702312.jpeg
226,46,//img.tatacliq.com/images/i9/437Wx649H/MP000000015755658_437Wx649H_202212190050232.jpeg
227,47,//img.tatacliq.com/images/i8/437Wx649H/MP000000014022835_437Wx649H_202208031200592.jpeg
228,48,//img.tatacliq.com/images/i8/437Wx649H/MP000000014522812_437Wx649H_202209180853092.jpeg
229,49,//img.tatacliq.com/images/i8/437Wx649H/MP000000015142259_437Wx649H_202211040700282.jpeg
230,50,//img.tatacliq.com/images/i8/437Wx649H/MP000000015142352_437Wx649H_202211040704362.jpeg
231,51,//img.tatacliq.com/images/i9/437Wx649H/MP000000016179316_437Wx649H_202301221929492.jpeg
232,52,//img.tatacliq.com/images/i2/437Wx649H/MP000000002004009_437Wx649H_20171109133738.jpeg
233,53,//img.tatacliq.com/images/i9/437Wx649H/MP000000016266746_437Wx649H_202301291618432.jpeg
234,54,//img.tatacliq.com/images/i2/437Wx649H/MP000000002003847_437Wx649H_20171109132722.jpeg
235,55,//img.tatacliq.com/images/i8/437Wx649H/MP000000011952571_437Wx649H_202202020216582.jpeg
236,56,//img.tatacliq.com/images/i9/437Wx649H/MP000000015755857_437Wx649H_202212190059232.jpeg
237,57,//img.tatacliq.com/images/i9/437Wx649H/MP000000015755829_437Wx649H_202212190058252.jpeg
238,58,//img.tatacliq.com/images/i8/437Wx649H/MP000000015142657_437Wx649H_202211040718322.jpeg
239,59,//img.tatacliq.com/images/i8/437Wx649H/MP000000015142540_437Wx649H_202211040713272.jpeg
240,60,//img.tatacliq.com/images/i2/437Wx649H/MP000000002003921_437Wx649H_20171109133214.jpeg
241,61,//img.tatacliq.com/images/i9/437Wx649H/MP000000015755843_437Wx649H_202212190059212.jpeg
242,62,//img.tatacliq.com/images/i2/437Wx649H/MP000000002003949_437Wx649H_20171109134145.jpeg
243,63,//img.tatacliq.com/images/i8/437Wx649H/MP000000015142151_437Wx649H_202211040655272.jpeg
244,64,//img.tatacliq.com/images/i2/437Wx649H/MP000000002003917_437Wx649H_20171109133422.jpeg
245,65,//img.tatacliq.com/images/i2/437Wx649H/MP000000002003845_437Wx649H_20171109132753.jpeg
246,66,//img.tatacliq.com/images/i9/437Wx649H/MP000000015755621_437Wx649H_202212190048322.jpeg
247,67,//img.tatacliq.com/images/i8/437Wx649H/MP000000014522801_437Wx649H_202209180852572.jpeg
248,68,//img.tatacliq.com/images/i9/437Wx649H/MP000000015755827_437Wx649H_202212190058192.jpeg
249,69,//img.tatacliq.com/images/i9/437Wx649H/MP000000015755752_437Wx649H_202212190054382.jpeg
250,70,//img.tatacliq.com/images/i8/437Wx649H/MP000000011745743_437Wx649H_202201121418142.jpeg
251,71,//img.tatacliq.com/images/i8/437Wx649H/MP000000015142675_437Wx649H_202211040719302.jpeg
252,72,//img.tatacliq.com/images/i8/437Wx649H/MP000000015142839_437Wx649H_202211040727342.jpeg
253,73,//img.tatacliq.com/images/i8/437Wx649H/MP000000015142835_437Wx649H_202211040727302.jpeg
254,74,//img.tatacliq.com/images/i5/437Wx649H/MP000000005908905_437Wx649H_20191113205237.jpeg
255,75,//img.tatacliq.com/images/i9/437Wx649H/MP000000016501066_437Wx649H_202302120826192.jpeg
256,76,//img.tatacliq.com/images/i7/437Wx649H/MP000000011360163_437Wx649H_202112051922172.jpeg
257,77,//img.tatacliq.com/images/i8/437Wx649H/MP000000014219440_437Wx649H_202208250548342.jpeg
258,78,//img.tatacliq.com/images/i8/437Wx649H/MP000000014219092_437Wx649H_202208250528362.jpeg
259,79,//img.tatacliq.com/images/i7/437Wx649H/MP000000011504529_437Wx649H_202112181423572.jpeg
260,80,//img.tatacliq.com/images/i7/437Wx649H/MP000000010227961_437Wx649H_202108082001012.jpeg
261,81,//img.tatacliq.com/images/i9/437Wx649H/MP000000015755751_437Wx649H_202212190054362.jpeg
262,82,//img.tatacliq.com/images/i8/437Wx649H/MP000000014522748_437Wx649H_202209180849592.jpeg
263,83,//img.tatacliq.com/images/i9/437Wx649H/MP000000016266767_437Wx649H_202301291619422.jpeg
264,84,//img.tatacliq.com/images/i9/437Wx649H/MP000000015755741_437Wx649H_202212190054332.jpeg
265,85,//img.tatacliq.com/images/i8/437Wx649H/MP000000015142658_437Wx649H_202211040718332.jpeg
266,86,//img.tatacliq.com/images/i7/437Wx649H/MP000000011504575_437Wx649H_202112181426232.jpeg
267,87,//img.tatacliq.com/images/i8/437Wx649H/MP000000011745718_437Wx649H_202201121416092.jpeg
268,88,//img.tatacliq.com/images/i9/437Wx649H/MP000000015755728_437Wx649H_202212190053262.jpeg
269,89,//img.tatacliq.com/images/i9/437Wx649H/MP000000015755620_437Wx649H_202212190048332.jpeg
270,90,//img.tatacliq.com/images/i8/437Wx649H/MP000000015142054_437Wx649H_202211040650372.jpeg
271,91,//img.tatacliq.com/images/i2/437Wx649H/MP000000002003907_437Wx649H_20171109133106.jpeg
272,92,//img.tatacliq.com/images/i10/437Wx649H/MP000000016596729_437Wx649H_202302190351062.jpeg
273,93,//img.tatacliq.com/images/i8/437Wx649H/MP000000015142738_437Wx649H_202211040722372.jpeg
274,94,//img.tatacliq.com/images/i8/437Wx649H/MP000000015142635_437Wx649H_202211040717312.jpeg
275,95,//img.tatacliq.com/images/i8/437Wx649H/MP000000015142629_437Wx649H_202211040717282.jpeg
276,96,//img.tatacliq.com/images/i7/437Wx649H/MP000000010308804_437Wx649H_202108162107262.jpeg
277,97,//img.tatacliq.com/images/i7/437Wx649H/MP000000010309136_437Wx649H_202108162125502.jpeg
278,98,//img.tatacliq.com/images/i8/437Wx649H/MP000000014780964_437Wx649H_202212021353452.jpeg
279,99,//img.tatacliq.com/images/i8/437Wx649H/MP000000014781007_437Wx649H_202212021353422.jpeg
280,100,//img.tatacliq.com/images/i8/437Wx649H/MP000000014780985_437Wx649H_202212021351412.jpeg
281,101,//img.tatacliq.com/images/i8/437Wx649H/MP000000014781022_437Wx649H_202212021357002.jpeg
282,102,//img.tatacliq.com/images/i8/437Wx649H/MP000000014982815_437Wx649H_202210230145522.jpeg
283,103,//img.tatacliq.com/images/i8/437Wx649H/MP000000011953134_437Wx649H_202202020327052.jpeg
284,104,//img.tatacliq.com/images/i8/437Wx649H/MP000000013559541_437Wx649H_202206240913402.jpeg
285,105,//img.tatacliq.com/images/i8/437Wx649H/MP000000013423904_437Wx649H_202206130604492.jpeg
286,106,//img.tatacliq.com/images/i8/437Wx649H/MP000000013559625_437Wx649H_202206240918072.jpeg
287,107,//img.tatacliq.com/images/i8/437Wx649H/MP000000011792057_437Wx649H_202201161555082.jpeg
288,108,//img.tatacliq.com/images/i8/437Wx649H/MP000000013559641_437Wx649H_202206240918452.jpeg
289,109,//img.tatacliq.com/images/i4/437Wx649H/MP000000007217193_437Wx649H_20200628170555.jpeg
290,110,//img.tatacliq.com/images/i8/437Wx649H/MP000000014982833_437Wx649H_202210230146422.jpeg
291,111,//img.tatacliq.com/images/i8/437Wx649H/MP000000014598490_437Wx649H_202209230229022.jpeg
292,112,//img.tatacliq.com/images/i9/437Wx649H/MP000000016207047_437Wx649H_202301251127512.jpeg
293,113,//img.tatacliq.com/images/i8/437Wx649H/MP000000013145632_437Wx649H_202205151848012.jpeg
294,114,//img.tatacliq.com/images/i8/437Wx649H/MP000000013559624_437Wx649H_202206240918072.jpeg
295,115,//img.tatacliq.com/images/i8/437Wx649H/MP000000012261273_437Wx649H_202202242026092.jpeg
296,116,//img.tatacliq.com/images/i8/437Wx649H/MP000000013559581_437Wx649H_202206240915522.jpeg
297,117,//img.tatacliq.com/images/i8/437Wx649H/MP000000014365301_437Wx649H_202209081451442.jpeg
298,118,//img.tatacliq.com/images/i8/437Wx649H/MP000000013254946_437Wx649H_202205261636162.jpeg
299,119,//img.tatacliq.com/images/i8/437Wx649H/MP000000014780988_437Wx649H_202212021351432.jpeg
300,120,//img.tatacliq.com/images/i8/437Wx649H/MP000000014993713_437Wx649H_202210231116512.jpeg
301,121,//img.tatacliq.com/images/i8/437Wx649H/MP000000014995899_437Wx649H_202210231322072.jpeg
302,122,//img.tatacliq.com/images/i8/437Wx649H/MP000000013559584_437Wx649H_202206240916112.jpeg
303,123,//img.tatacliq.com/images/i8/437Wx649H/MP000000012261274_437Wx649H_202202242026132.jpeg
304,124,//img.tatacliq.com/images/i8/437Wx649H/MP000000013559519_437Wx649H_202206240912592.jpeg
305,125,//img.tatacliq.com/images/i8/437Wx649H/MP000000014995270_437Wx649H_202210231251132.jpeg
306,126,//img.tatacliq.com/images/i8/437Wx649H/MP000000013559515_437Wx649H_202206240912452.jpeg
307,127,//img.tatacliq.com/images/i8/437Wx649H/MP000000014995691_437Wx649H_202210231311542.jpeg
308,128,//img.tatacliq.com/images/i8/437Wx649H/MP000000013559742_437Wx649H_202206240923412.jpeg
309,129,//img.tatacliq.com/images/i8/437Wx649H/MP000000013582506_437Wx649H_202206260106432.jpeg
310,130,//img.tatacliq.com/images/i8/437Wx649H/MP000000013145595_437Wx649H_202205151846012.jpeg
311,131,//img.tatacliq.com/images/i8/437Wx649H/MP000000013145534_437Wx649H_202205151843052.jpeg
312,132,//img.tatacliq.com/images/i9/437Wx649H/MP000000016207029_437Wx649H_202301251126592.jpeg
313,133,//img.tatacliq.com/images/i8/437Wx649H/MP000000013145648_437Wx649H_202205151849002.jpeg
314,134,//img.tatacliq.com/images/i8/437Wx649H/MP000000013145613_437Wx649H_202205151847022.jpeg
315,135,//img.tatacliq.com/images/i8/437Wx649H/MP000000013145454_437Wx649H_202205151839002.jpeg
316,136,//img.tatacliq.com/images/i8/437Wx649H/MP000000011791838_437Wx649H_202201161544102.jpeg
317,137,//img.tatacliq.com/images/i8/437Wx649H/MP000000012064802_437Wx649H_202202091519022.jpeg
318,138,//img.tatacliq.com/images/i8/437Wx649H/MP000000014995585_437Wx649H_202210231306142.jpeg
319,139,//img.tatacliq.com/images/i8/437Wx649H/MP000000014995228_437Wx649H_202210231248522.jpeg
320,140,//img.tatacliq.com/images/i8/437Wx649H/MP000000014994934_437Wx649H_202210231229502.jpeg
321,141,//img.tatacliq.com/images/i8/437Wx649H/MP000000014995557_437Wx649H_202210231305102.jpeg
322,142,//img.tatacliq.com/images/i8/437Wx649H/MP000000014538428_437Wx649H_202212021400372.jpeg
323,143,//img.tatacliq.com/images/i8/437Wx649H/MP000000014538427_437Wx649H_202212021359452.jpeg
324,144,//img.tatacliq.com/images/i8/437Wx649H/MP000000014995394_437Wx649H_202210231257112.jpeg
325,145,//img.tatacliq.com/images/i8/437Wx649H/MP000000014995405_437Wx649H_202210231257542.jpeg
326,146,//img.tatacliq.com/images/i8/437Wx649H/MP000000014995375_437Wx649H_202210231256202.jpeg
327,147,//img.tatacliq.com/images/i8/437Wx649H/MP000000013145261_437Wx649H_202205151829032.jpeg
328,148,//img.tatacliq.com/images/i8/437Wx649H/MP000000013144681_437Wx649H_202205151759022.jpeg
329,149,//img.tatacliq.com/images/i4/437Wx649H/MP000000006201112_437Wx649H_20191224213910.jpeg
330,150,//img.tatacliq.com/images/i8/437Wx649H/MP000000014995449_437Wx649H_202210231300072.jpeg
331,151,//img.tatacliq.com/images/i8/437Wx649H/MP000000013423816_437Wx649H_202206130600372.jpeg
332,152,//img.tatacliq.com/images/i8/437Wx649H/MP000000013423783_437Wx649H_202206130558472.jpeg
333,153,//img.tatacliq.com/images/i8/437Wx649H/MP000000014995287_437Wx649H_202210231251532.jpeg
334,154,//img.tatacliq.com/images/i8/437Wx649H/MP000000013423777_437Wx649H_202206130558412.jpeg
335,155,//img.tatacliq.com/images/i8/437Wx649H/MP000000014995464_437Wx649H_202210231300542.jpeg
336,156,//img.tatacliq.com/images/i8/437Wx649H/MP000000013144383_437Wx649H_202205151743582.jpeg
337,157,//img.tatacliq.com/images/i4/437Wx649H/MP000000007217234_437Wx649H_20200628170756.jpeg
338,158,//img.tatacliq.com/images/i8/437Wx649H/MP000000012806734_437Wx649H_202204131852592.jpeg
339,159,//img.tatacliq.com/images/i8/437Wx649H/MP000000012806735_437Wx649H_202204131852592.jpeg
340,160,//img.tatacliq.com/images/i7/437Wx649H/MP000000011592880_437Wx649H_202112282304412.jpeg
341,161,//img.tatacliq.com/images/i7/437Wx649H/MP000000011592902_437Wx649H_202112282305462.jpeg
342,162,//img.tatacliq.com/images/i8/437Wx649H/MP000000012806910_437Wx649H_202204131902362.jpeg
343,163,//img.tatacliq.com/images/i7/437Wx649H/MP000000011151260_437Wx649H_202111131649182.jpeg
344,164,//img.tatacliq.com/images/i8/437Wx649H/MP000000011151251_437Wx649H_202206270425142.jpeg
345,165,//img.tatacliq.com/images/i8/437Wx649H/MP000000014993899_437Wx649H_202210231127532.jpeg
346,166,//img.tatacliq.com/images/i8/437Wx649H/MP000000014993602_437Wx649H_202210231110202.jpeg
347,167,//img.tatacliq.com/images/i8/437Wx649H/MP000000014183100_437Wx649H_202208201728322.jpeg
348,168,//img.tatacliq.com/images/i7/437Wx649H/MP000000011151312_437Wx649H_202111131652072.jpeg
349,169,//img.tatacliq.com/images/i8/437Wx649H/MP000000014982916_437Wx649H_202210230150432.jpeg
350,170,//img.tatacliq.com/images/i8/437Wx649H/MP000000014982743_437Wx649H_202210230142032.jpeg
351,171,//img.tatacliq.com/images/i8/437Wx649H/MP000000014995826_437Wx649H_202210231318152.jpeg
352,172,//img.tatacliq.com/images/i7/437Wx649H/MP000000008601788_437Wx649H_202101200056522.jpeg
353,173,//img.tatacliq.com/images/i7/437Wx649H/MP000000008601718_437Wx649H_202101200052522.jpeg
354,174,//img.tatacliq.com/images/i8/437Wx649H/MP000000013559569_437Wx649H_202206240915402.jpeg
355,175,//img.tatacliq.com/images/i8/437Wx649H/MP000000014532890_437Wx649H_202209181953222.jpeg
356,176,//img.tatacliq.com/images/i8/437Wx649H/MP000000014995231_437Wx649H_202210231249092.jpeg
357,177,//img.tatacliq.com/images/i7/437Wx649H/MP000000010527736_437Wx649H_202109081116332.jpeg
358,178,//img.tatacliq.com/images/i8/437Wx649H/MP000000013145393_437Wx649H_202205151835562.jpeg
359,179,//img.tatacliq.com/images/i8/437Wx649H/MP000000014995274_437Wx649H_202210231251182.jpeg
360,180,//img.tatacliq.com/images/i8/437Wx649H/MP000000014995268_437Wx649H_202210231251112.jpeg
361,1,//img.tatacliq.com/images/i9/437Wx649H/MP000000016026284_437Wx649H_202301111806103.jpeg
362,2,//img.tatacliq.com/images/i7/437Wx649H/MP000000011358188_437Wx649H_202112050212543.jpeg
363,3,//img.tatacliq.com/images/i2/437Wx649H/MP000000002003889_437Wx649H_20171109133003.jpeg
364,4,//img.tatacliq.com/images/i8/437Wx649H/MP000000013509044_437Wx649H_202207021915473.jpeg
365,5,//img.tatacliq.com/images/i9/437Wx649H/MP000000015755874_437Wx649H_202212190102273.jpeg
366,6,//img.tatacliq.com/images/i9/437Wx649H/MP000000016179203_437Wx649H_202301221923573.jpeg
367,7,//img.tatacliq.com/images/i8/437Wx649H/MP000000013059184_437Wx649H_202205071820233.jpeg
368,8,//img.tatacliq.com/images/i8/437Wx649H/MP000000015142742_437Wx649H_202211040722333.jpeg
369,9,//img.tatacliq.com/images/i8/437Wx649H/MP000000014522747_437Wx649H_202209180850003.jpeg
370,10,//img.tatacliq.com/images/i8/437Wx649H/MP000000012309533_437Wx649H_202203271633043.jpeg
371,11,//img.tatacliq.com/images/i8/437Wx649H/MP000000012309449_437Wx649H_202203241441133.jpeg
372,12,//img.tatacliq.com/images/i2/437Wx649H/MP000000002003965_437Wx649H_20171109133816.jpeg
373,13,//img.tatacliq.com/images/i8/437Wx649H/MP000000012309531_437Wx649H_202203271710393.jpeg
374,14,//img.tatacliq.com/images/i8/437Wx649H/MP000000012309473_437Wx649H_202203241441233.jpeg
375,15,//img.tatacliq.com/images/i8/437Wx649H/MP000000015142699_437Wx649H_202211040720373.jpeg
376,16,//img.tatacliq.com/images/i8/437Wx649H/MP000000015142736_437Wx649H_202211040722363.jpeg
377,17,//img.tatacliq.com/images/i2/437Wx649H/MP000000002003841_437Wx649H_20171109133138.jpeg
378,18,//img.tatacliq.com/images/i8/437Wx649H/MP000000013059144_437Wx649H_202205071816313.jpeg
379,19,//img.tatacliq.com/images/i8/437Wx649H/MP000000012309471_437Wx649H_202203241441153.jpeg
380,20,//img.tatacliq.com/images/i8/437Wx649H/MP000000012309435_437Wx649H_202203241440293.jpeg
381,21,//img.tatacliq.com/images/i8/437Wx649H/MP000000012309509_437Wx649H_202203241444063.jpeg
382,22,//img.tatacliq.com/images/i8/437Wx649H/MP000000015142877_437Wx649H_202211040729283.jpeg
383,23,//img.tatacliq.com/images/i7/437Wx649H/MP000000011194942_437Wx649H_202111180223293.jpeg
384,24,//img.tatacliq.com/images/i7/437Wx649H/MP000000011194977_437Wx649H_202111180224393.jpeg
385,25,//img.tatacliq.com/images/i8/437Wx649H/MP000000013744044_437Wx649H_202207092129083.jpeg
386,26,//img.tatacliq.com/images/i9/437Wx649H/MP000000016525431_437Wx649H_202302142208033.jpeg
387,27,//img.tatacliq.com/images/i7/437Wx649H/MP000000010747255_437Wx649H_202109282038513.jpeg
388,28,//img.tatacliq.com/images/i7/437Wx649H/MP000000011358143_437Wx649H_202112050211063.jpeg
389,29,//img.tatacliq.com/images/i8/437Wx649H/MP000000012309550_437Wx649H_202203241454343.jpeg
390,30,//img.tatacliq.com/images/i8/437Wx649H/MP000000013059182_437Wx649H_202205071819323.jpeg
391,31,//img.tatacliq.com/images/i2/437Wx649H/MP000000002003901_437Wx649H_20171109133124.jpeg
392,32,//img.tatacliq.com/images/i8/437Wx649H/MP000000015142490_437Wx649H_202211040710403.jpeg
393,33,//img.tatacliq.com/images/i8/437Wx649H/MP000000015142372_437Wx649H_202211040705333.jpeg
394,34,//img.tatacliq.com/images/i9/437Wx649H/MP000000016179328_437Wx649H_202301221930453.jpeg
395,35,//img.tatacliq.com/images/i7/437Wx649H/MP000000010823633_437Wx649H_202110061103573.jpeg
396,36,//img.tatacliq.com/images/i7/437Wx649H/MP000000010823683_437Wx649H_202110061107073.jpeg
397,37,//img.tatacliq.com/images/i8/437Wx649H/MP000000013744029_437Wx649H_202207092128093.jpeg
398,38,//img.tatacliq.com/images/i8/437Wx649H/MP000000015142268_437Wx649H_202211040700353.jpeg
399,39,//img.tatacliq.com/images/i8/437Wx649H/MP000000015142441_437Wx649H_202211040708343.jpeg
400,40,//img.tatacliq.com/images/i8/437Wx649H/MP000000014522784_437Wx649H_202209180852003.jpeg
401,41,//img.tatacliq.com/images/i8/437Wx649H/MP000000014522836_437Wx649H_202209180854553.jpeg
402,42,//img.tatacliq.com/images/i7/437Wx649H/MP000000010793706_437Wx649H_202110020618113.jpeg
403,43,//img.tatacliq.com/images/i2/437Wx649H/MP000000002003905_437Wx649H_20171109133037.jpeg
404,44,//img.tatacliq.com/images/i2/437Wx649H/MP000000002003819_437Wx649H_20171109132454.jpeg
405,45,//img.tatacliq.com/images/i8/437Wx649H/MP000000015142313_437Wx649H_202211040702363.jpeg
406,46,//img.tatacliq.com/images/i9/437Wx649H/MP000000015755658_437Wx649H_202212190050263.jpeg
407,47,//img.tatacliq.com/images/i8/437Wx649H/MP000000014022835_437Wx649H_202208031201003.jpeg
408,48,//img.tatacliq.com/images/i8/437Wx649H/MP000000014522812_437Wx649H_202209180853083.jpeg
409,49,//img.tatacliq.com/images/i8/437Wx649H/MP000000015142259_437Wx649H_202211040700303.jpeg
410,50,//img.tatacliq.com/images/i8/437Wx649H/MP000000015142352_437Wx649H_202211040704343.jpeg
411,51,//img.tatacliq.com/images/i9/437Wx649H/MP000000016179316_437Wx649H_202301221929503.jpeg
412,52,//img.tatacliq.com/images/i2/437Wx649H/MP000000002004009_437Wx649H_20171109133734.jpeg
413,53,//img.tatacliq.com/images/i9/437Wx649H/MP000000016266746_437Wx649H_202301291618413.jpeg
414,54,//img.tatacliq.com/images/i2/437Wx649H/MP000000002003847_437Wx649H_20171109132729.jpeg
415,55,//img.tatacliq.com/images/i8/437Wx649H/MP000000011952571_437Wx649H_202202020217013.jpeg
416,56,//img.tatacliq.com/images/i9/437Wx649H/MP000000015755857_437Wx649H_202212190059253.jpeg
417,57,//img.tatacliq.com/images/i9/437Wx649H/MP000000015755829_437Wx649H_202212190058213.jpeg
418,58,//img.tatacliq.com/images/i8/437Wx649H/MP000000015142657_437Wx649H_202211040718293.jpeg
419,59,//img.tatacliq.com/images/i8/437Wx649H/MP000000015142540_437Wx649H_202211040713253.jpeg
420,60,//img.tatacliq.com/images/i2/437Wx649H/MP000000002003921_437Wx649H_20171109133201.jpeg
421,61,//img.tatacliq.com/images/i9/437Wx649H/MP000000015755843_437Wx649H_202212190059183.jpeg
422,62,//img.tatacliq.com/images/i2/437Wx649H/MP000000002003949_437Wx649H_20171109134149.jpeg
423,63,//img.tatacliq.com/images/i8/437Wx649H/MP000000015142151_437Wx649H_202211040655333.jpeg
424,64,//img.tatacliq.com/images/i2/437Wx649H/MP000000002003917_437Wx649H_20171109133426.jpeg
425,65,//img.tatacliq.com/images/i2/437Wx649H/MP000000002003845_437Wx649H_20171109132756.jpeg
426,66,//img.tatacliq.com/images/i9/437Wx649H/MP000000015755621_437Wx649H_202212190048293.jpeg
427,67,//img.tatacliq.com/images/i8/437Wx649H/MP000000014522801_437Wx649H_202209180852583.jpeg
428,68,//img.tatacliq.com/images/i9/437Wx649H/MP000000015755827_437Wx649H_202212190058243.jpeg
429,69,//img.tatacliq.com/images/i9/437Wx649H/MP000000015755752_437Wx649H_202212190054393.jpeg
430,70,//img.tatacliq.com/images/i8/437Wx649H/MP000000011745743_437Wx649H_202201121418153.jpeg
431,71,//img.tatacliq.com/images/i8/437Wx649H/MP000000015142675_437Wx649H_202211040719333.jpeg
432,72,//img.tatacliq.com/images/i8/437Wx649H/MP000000015142839_437Wx649H_202211040727293.jpeg
433,73,//img.tatacliq.com/images/i8/437Wx649H/MP000000015142835_437Wx649H_202211040727313.jpeg
434,74,//img.tatacliq.com/images/i5/437Wx649H/MP000000005908905_437Wx649H_20191113205234.jpeg
435,75,//img.tatacliq.com/images/i9/437Wx649H/MP000000016501066_437Wx649H_202302120826303.jpeg
436,76,//img.tatacliq.com/images/i7/437Wx649H/MP000000011360163_437Wx649H_202112051922183.jpeg
437,77,//img.tatacliq.com/images/i8/437Wx649H/MP000000014219440_437Wx649H_202208250548353.jpeg
438,78,//img.tatacliq.com/images/i8/437Wx649H/MP000000014219092_437Wx649H_202208250528383.jpeg
439,79,//img.tatacliq.com/images/i7/437Wx649H/MP000000011504529_437Wx649H_202112181423583.jpeg
440,80,//img.tatacliq.com/images/i7/437Wx649H/MP000000010227961_437Wx649H_202108082001023.jpeg
441,81,//img.tatacliq.com/images/i9/437Wx649H/MP000000015755751_437Wx649H_202212190054373.jpeg
442,82,//img.tatacliq.com/images/i8/437Wx649H/MP000000014522748_437Wx649H_202209180850013.jpeg
443,83,//img.tatacliq.com/images/i9/437Wx649H/MP000000016266767_437Wx649H_202301291619453.jpeg
444,84,//img.tatacliq.com/images/i9/437Wx649H/MP000000015755741_437Wx649H_202212190054323.jpeg
445,85,//img.tatacliq.com/images/i8/437Wx649H/MP000000015142658_437Wx649H_202211040718303.jpeg
446,86,//img.tatacliq.com/images/i7/437Wx649H/MP000000011504575_437Wx649H_202112181426243.jpeg
447,87,//img.tatacliq.com/images/i8/437Wx649H/MP000000011745718_437Wx649H_202201121416103.jpeg
448,88,//img.tatacliq.com/images/i9/437Wx649H/MP000000015755728_437Wx649H_202212190053283.jpeg
449,89,//img.tatacliq.com/images/i9/437Wx649H/MP000000015755620_437Wx649H_202212190048303.jpeg
450,90,//img.tatacliq.com/images/i8/437Wx649H/MP000000015142054_437Wx649H_202211040650383.jpeg
451,91,//img.tatacliq.com/images/i2/437Wx649H/MP000000002003907_437Wx649H_20171109133059.jpeg
452,92,//img.tatacliq.com/images/i10/437Wx649H/MP000000016596729_437Wx649H_202302190351073.jpeg
453,93,//img.tatacliq.com/images/i8/437Wx649H/MP000000015142738_437Wx649H_202211040722313.jpeg
454,94,//img.tatacliq.com/images/i8/437Wx649H/MP000000015142635_437Wx649H_202211040717343.jpeg
455,95,//img.tatacliq.com/images/i8/437Wx649H/MP000000015142629_437Wx649H_202211040717323.jpeg
456,96,//img.tatacliq.com/images/i7/437Wx649H/MP000000010308804_437Wx649H_202108162107283.jpeg
457,97,//img.tatacliq.com/images/i7/437Wx649H/MP000000010309136_437Wx649H_202108162125523.jpeg
458,98,//img.tatacliq.com/images/i8/437Wx649H/MP000000014780964_437Wx649H_202212021353473.jpeg
459,99,//img.tatacliq.com/images/i8/437Wx649H/MP000000014781007_437Wx649H_202212021353383.jpeg
460,100,//img.tatacliq.com/images/i8/437Wx649H/MP000000014780985_437Wx649H_202212021351403.jpeg
461,101,//img.tatacliq.com/images/i8/437Wx649H/MP000000014781022_437Wx649H_202212021356363.jpeg
462,102,//img.tatacliq.com/images/i8/437Wx649H/MP000000014982815_437Wx649H_202210230145503.jpeg
463,103,//img.tatacliq.com/images/i8/437Wx649H/MP000000011953134_437Wx649H_202202020327073.jpeg
464,104,//img.tatacliq.com/images/i8/437Wx649H/MP000000013559541_437Wx649H_202206240913423.jpeg
465,105,//img.tatacliq.com/images/i8/437Wx649H/MP000000013423904_437Wx649H_202206130604523.jpeg
466,106,//img.tatacliq.com/images/i8/437Wx649H/MP000000013559625_437Wx649H_202206240918083.jpeg
467,107,//img.tatacliq.com/images/i8/437Wx649H/MP000000011792057_437Wx649H_202201161555093.jpeg
468,108,//img.tatacliq.com/images/i8/437Wx649H/MP000000013559641_437Wx649H_202206240918473.jpeg
469,109,//img.tatacliq.com/images/i4/437Wx649H/MP000000007217193_437Wx649H_20200628170556.jpeg
470,110,//img.tatacliq.com/images/i8/437Wx649H/MP000000014982833_437Wx649H_202210230146443.jpeg
471,111,//img.tatacliq.com/images/i8/437Wx649H/MP000000014598490_437Wx649H_202209230229063.jpeg
472,112,//img.tatacliq.com/images/i9/437Wx649H/MP000000016207047_437Wx649H_202301251127493.jpeg
473,113,//img.tatacliq.com/images/i8/437Wx649H/MP000000013145632_437Wx649H_202205151848023.jpeg
474,114,//img.tatacliq.com/images/i8/437Wx649H/MP000000013559624_437Wx649H_202206240918083.jpeg
475,115,//img.tatacliq.com/images/i8/437Wx649H/MP000000012261273_437Wx649H_202202242026113.jpeg
476,116,//img.tatacliq.com/images/i8/437Wx649H/MP000000013559581_437Wx649H_202206240915543.jpeg
477,117,//img.tatacliq.com/images/i8/437Wx649H/MP000000014365301_437Wx649H_202209081451463.jpeg
478,118,//img.tatacliq.com/images/i8/437Wx649H/MP000000013254946_437Wx649H_202205261636183.jpeg
479,119,//img.tatacliq.com/images/i8/437Wx649H/MP000000014780988_437Wx649H_202212021351403.jpeg
480,120,//img.tatacliq.com/images/i8/437Wx649H/MP000000014993713_437Wx649H_202210231116573.jpeg
481,121,//img.tatacliq.com/images/i8/437Wx649H/MP000000014995899_437Wx649H_202210231321563.jpeg
482,122,//img.tatacliq.com/images/i8/437Wx649H/MP000000013559584_437Wx649H_202206240916123.jpeg
483,123,//img.tatacliq.com/images/i8/437Wx649H/MP000000012261274_437Wx649H_202202242026143.jpeg
484,124,//img.tatacliq.com/images/i8/437Wx649H/MP000000013559519_437Wx649H_202206240913003.jpeg
485,125,//img.tatacliq.com/images/i8/437Wx649H/MP000000014995270_437Wx649H_202210231251103.jpeg
486,126,//img.tatacliq.com/images/i8/437Wx649H/MP000000013559515_437Wx649H_202206240912463.jpeg
487,127,//img.tatacliq.com/images/i8/437Wx649H/MP000000014995691_437Wx649H_202210231311573.jpeg
488,128,//img.tatacliq.com/images/i8/437Wx649H/MP000000013559742_437Wx649H_202206240923423.jpeg
489,129,//img.tatacliq.com/images/i8/437Wx649H/MP000000013582506_437Wx649H_202206260106443.jpeg
490,130,//img.tatacliq.com/images/i8/437Wx649H/MP000000013145595_437Wx649H_202205151846023.jpeg
491,131,//img.tatacliq.com/images/i8/437Wx649H/MP000000013145534_437Wx649H_202205151843063.jpeg
492,132,//img.tatacliq.com/images/i9/437Wx649H/MP000000016207029_437Wx649H_202301251127033.jpeg
493,133,//img.tatacliq.com/images/i8/437Wx649H/MP000000013145648_437Wx649H_202205151849013.jpeg
494,134,//img.tatacliq.com/images/i8/437Wx649H/MP000000013145613_437Wx649H_202205151847033.jpeg
495,135,//img.tatacliq.com/images/i8/437Wx649H/MP000000013145454_437Wx649H_202205151839063.jpeg
496,136,//img.tatacliq.com/images/i8/437Wx649H/MP000000011791838_437Wx649H_202201161544113.jpeg
497,137,//img.tatacliq.com/images/i8/437Wx649H/MP000000012064802_437Wx649H_202202091519033.jpeg
498,138,//img.tatacliq.com/images/i8/437Wx649H/MP000000014995585_437Wx649H_202210231306173.jpeg
499,139,//img.tatacliq.com/images/i8/437Wx649H/MP000000014995228_437Wx649H_202210231248573.jpeg
500,140,//img.tatacliq.com/images/i8/437Wx649H/MP000000014994934_437Wx649H_202210231229533.jpeg
501,141,//img.tatacliq.com/images/i8/437Wx649H/MP000000014995557_437Wx649H_202210231305073.jpeg
502,142,//img.tatacliq.com/images/i8/437Wx649H/MP000000014538428_437Wx649H_202212021401013.jpeg
503,143,//img.tatacliq.com/images/i8/437Wx649H/MP000000014538427_437Wx649H_202212021359433.jpeg
504,144,//img.tatacliq.com/images/i8/437Wx649H/MP000000014995394_437Wx649H_202210231257143.jpeg
505,145,//img.tatacliq.com/images/i8/437Wx649H/MP000000014995405_437Wx649H_202210231257553.jpeg
506,146,//img.tatacliq.com/images/i8/437Wx649H/MP000000014995375_437Wx649H_202210231256223.jpeg
507,147,//img.tatacliq.com/images/i8/437Wx649H/MP000000013145261_437Wx649H_202205151829043.jpeg
508,148,//img.tatacliq.com/images/i8/437Wx649H/MP000000013144681_437Wx649H_202205151759033.jpeg
509,149,//img.tatacliq.com/images/i4/437Wx649H/MP000000006201112_437Wx649H_20191224213911.jpeg
510,150,//img.tatacliq.com/images/i8/437Wx649H/MP000000014995449_437Wx649H_202210231300103.jpeg
511,151,//img.tatacliq.com/images/i8/437Wx649H/MP000000013423816_437Wx649H_202206130600393.jpeg
512,152,//img.tatacliq.com/images/i8/437Wx649H/MP000000013423783_437Wx649H_202206130558493.jpeg
513,153,//img.tatacliq.com/images/i8/437Wx649H/MP000000014995287_437Wx649H_202210231251523.jpeg
514,154,//img.tatacliq.com/images/i8/437Wx649H/MP000000013423777_437Wx649H_202206130558433.jpeg
515,155,//img.tatacliq.com/images/i8/437Wx649H/MP000000014995464_437Wx649H_202210231300573.jpeg
516,156,//img.tatacliq.com/images/i8/437Wx649H/MP000000013144383_437Wx649H_202205151743593.jpeg
517,157,//img.tatacliq.com/images/i4/437Wx649H/MP000000007217234_437Wx649H_20200628170757.jpeg
518,158,//img.tatacliq.com/images/i8/437Wx649H/MP000000012806734_437Wx649H_202204131853003.jpeg
519,159,//img.tatacliq.com/images/i8/437Wx649H/MP000000012806735_437Wx649H_202204131853003.jpeg
520,160,//img.tatacliq.com/images/i7/437Wx649H/MP000000011592880_437Wx649H_202112282304423.jpeg
521,161,//img.tatacliq.com/images/i7/437Wx649H/MP000000011592902_437Wx649H_202112282308103.jpeg
522,162,//img.tatacliq.com/images/i8/437Wx649H/MP000000012806910_437Wx649H_202204131902373.jpeg
523,163,//img.tatacliq.com/images/i7/437Wx649H/MP000000011151260_437Wx649H_202111131649193.jpeg
524,164,//img.tatacliq.com/images/i8/437Wx649H/MP000000011151251_437Wx649H_202206270425153.jpeg
525,165,//img.tatacliq.com/images/i8/437Wx649H/MP000000014993899_437Wx649H_202210231127583.jpeg
526,166,//img.tatacliq.com/images/i8/437Wx649H/MP000000014993602_437Wx649H_202210231110233.jpeg
527,167,//img.tatacliq.com/images/i8/437Wx649H/MP000000014183100_437Wx649H_202208201728333.jpeg
528,168,//img.tatacliq.com/images/i7/437Wx649H/MP000000011151312_437Wx649H_202111131652083.jpeg
529,169,//img.tatacliq.com/images/i8/437Wx649H/MP000000014982916_437Wx649H_202210230150403.jpeg
530,170,//img.tatacliq.com/images/i8/437Wx649H/MP000000014982743_437Wx649H_202210230142013.jpeg
531,171,//img.tatacliq.com/images/i8/437Wx649H/MP000000014995826_437Wx649H_202210231318163.jpeg
532,172,//img.tatacliq.com/images/i7/437Wx649H/MP000000008601788_437Wx649H_202101200056533.jpeg
533,173,//img.tatacliq.com/images/i7/437Wx649H/MP000000008601718_437Wx649H_202101200052533.jpeg
534,174,//img.tatacliq.com/images/i8/437Wx649H/MP000000013559569_437Wx649H_202206240915413.jpeg
535,175,//img.tatacliq.com/images/i8/437Wx649H/MP000000014532890_437Wx649H_202209181953273.jpeg
536,176,//img.tatacliq.com/images/i8/437Wx649H/MP000000014995231_437Wx649H_202210231249063.jpeg
537,177,//img.tatacliq.com/images/i7/437Wx649H/MP000000010527736_437Wx649H_202109081116493.jpeg
538,178,//img.tatacliq.com/images/i8/437Wx649H/MP000000013145393_437Wx649H_202205151835583.jpeg
539,179,//img.tatacliq.com/images/i8/437Wx649H/MP000000014995274_437Wx649H_202210231251143.jpeg
540,180,//img.tatacliq.com/images/i8/437Wx649H/MP000000014995268_437Wx649H_202210231251073.jpeg
